Episode,A2C_Reward,A3C_Reward,A2C_Steps,A3C_Steps,A2C_Loss,A3C_Loss
1,28.0,45.0,28,45,0.49872320890426636,0.5075847506523132
2,17.0,36.0,17,36,0.4828537702560425,0.476972371339798
3,16.0,20.0,16,20,0.45208293199539185,0.4859899580478668
4,42.0,60.0,42,60,0.4765636622905731,0.4655475914478302
5,27.0,36.0,27,36,0.43705660104751587,0.3889685571193695
6,27.0,11.0,27,11,0.4573071599006653,0.5434000492095947
7,22.0,17.0,22,17,0.45621582865715027,0.40685153007507324
8,11.0,19.0,11,19,0.5693449974060059,0.3375133275985718
9,31.0,11.0,31,11,0.44339075684547424,0.4864356219768524
10,35.0,26.0,35,26,0.42562931776046753,0.3402010202407837
11,22.0,24.0,22,24,0.34855830669403076,0.13946154713630676
12,14.0,32.0,14,32,0.36300989985466003,0.20440247654914856
13,18.0,66.0,18,66,0.38600197434425354,0.3581048250198364
14,19.0,21.0,19,21,0.3792512118816376,0.36540448665618896
15,15.0,25.0,15,25,0.5255032777786255,0.5440994501113892
16,11.0,9.0,11,9,0.3490057587623596,1.502814769744873
17,17.0,35.0,17,35,0.4319474697113037,0.25881221890449524
18,43.0,19.0,43,19,0.35746708512306213,0.4136078953742981
19,26.0,64.0,26,64,0.5371532440185547,0.5054913759231567
20,17.0,30.0,17,30,0.34451624751091003,0.35605376958847046
21,27.0,21.0,27,21,0.335502564907074,0.22942891716957092
22,14.0,37.0,14,37,0.2671809494495392,0.2849239408969879
23,39.0,23.0,39,23,0.37604549527168274,0.18840192258358002
24,35.0,23.0,35,23,0.4251166880130768,0.23279133439064026
25,17.0,24.0,17,24,0.2933121621608734,0.802428126335144
26,14.0,55.0,14,55,0.33618125319480896,0.7257894277572632
27,11.0,49.0,11,49,0.4051007926464081,0.30907127261161804
28,11.0,47.0,11,47,0.43847712874412537,0.41784849762916565
29,39.0,90.0,39,90,0.3293856680393219,0.23106244206428528
30,22.0,19.0,22,19,0.30742180347442627,0.38108712434768677
31,16.0,35.0,16,35,0.2744784653186798,0.24096885323524475
32,19.0,48.0,19,48,0.3837990164756775,0.231893852353096
33,13.0,40.0,13,40,0.4470762014389038,0.14445973932743073
34,26.0,319.0,26,319,0.39444079995155334,0.31042706966400146
35,40.0,89.0,40,89,0.32050925493240356,0.20770439505577087
36,27.0,66.0,27,66,0.21503156423568726,0.05937130004167557
37,16.0,51.0,16,51,0.3388921022415161,-0.018358565866947174
38,21.0,40.0,21,40,0.2962571382522583,0.04084736853837967
39,14.0,23.0,14,23,0.34259653091430664,0.15677089989185333
40,16.0,122.0,16,122,0.3492971956729889,0.860341489315033
41,18.0,47.0,18,47,0.4563939869403839,0.16011446714401245
42,22.0,78.0,22,78,0.23375976085662842,0.6280472874641418
43,19.0,144.0,19,144,0.2541576325893402,0.34155625104904175
44,21.0,163.0,21,163,0.21846044063568115,1.673974633216858
45,16.0,218.0,16,218,0.40040743350982666,0.7787845134735107
46,32.0,64.0,32,64,0.13587240874767303,0.04976799711585045
47,20.0,105.0,20,105,0.25040850043296814,0.34264102578163147
48,13.0,17.0,13,17,0.4973004460334778,0.007875872775912285
49,11.0,36.0,11,36,0.8525329828262329,0.07742919027805328
50,21.0,53.0,21,53,0.2596993148326874,0.0653085708618164
51,26.0,21.0,26,21,0.257875919342041,0.06885063648223877
52,33.0,29.0,33,29,0.13604474067687988,0.13211855292320251
53,16.0,102.0,16,102,0.4887227416038513,0.1414230912923813
54,26.0,145.0,26,145,0.3529336154460907,0.058386676013469696
55,18.0,134.0,18,134,0.20293457806110382,0.3412373661994934
56,16.0,205.0,16,205,0.19765307009220123,0.2664056420326233
57,26.0,240.0,26,240,0.20972774922847748,0.38548481464385986
58,22.0,224.0,22,224,0.17681747674942017,0.16699248552322388
59,20.0,319.0,20,319,0.24851177632808685,0.2014709711074829
60,29.0,72.0,29,72,0.03753479942679405,0.0706644207239151
61,19.0,190.0,19,190,0.09485962241888046,0.11984822154045105
62,43.0,103.0,43,103,0.7844139337539673,0.35012683272361755
63,15.0,173.0,15,173,0.11769216507673264,0.11186494678258896
64,47.0,117.0,47,117,0.1437540203332901,0.8254525065422058
65,18.0,151.0,18,151,0.17058201134204865,0.6302847266197205
66,47.0,176.0,47,176,0.20125405490398407,0.2485131025314331
67,94.0,157.0,94,157,0.3413207530975342,0.8380511999130249
68,15.0,414.0,15,414,0.13843552768230438,0.1589270830154419
69,74.0,215.0,74,215,0.1191827654838562,0.563651978969574
70,34.0,203.0,34,203,0.09437771886587143,0.19008418917655945
71,62.0,115.0,62,115,0.23725368082523346,0.14238019287586212
72,118.0,254.0,118,254,0.28188514709472656,0.2731403708457947
73,75.0,267.0,75,267,0.6638748645782471,0.29526063799858093
74,41.0,178.0,41,178,0.23288509249687195,0.054759543389081955
75,17.0,215.0,17,215,0.49853262305259705,0.32868313789367676
76,49.0,14.0,49,14,0.46555396914482117,0.5047827363014221
77,48.0,12.0,48,12,0.34792211651802063,0.4521782100200653
78,52.0,17.0,52,17,0.4797075092792511,0.4748549163341522
79,25.0,13.0,25,13,0.33905065059661865,0.41752034425735474
80,36.0,36.0,36,36,0.43753868341445923,0.5047556161880493
81,49.0,25.0,49,25,0.34253406524658203,0.42906880378723145
82,24.0,19.0,24,19,0.4546891748905182,0.4307725727558136
83,68.0,21.0,68,21,0.4972360134124756,0.3913675546646118
84,85.0,24.0,85,24,0.41045504808425903,0.36874035000801086
85,21.0,10.0,21,10,0.3496497869491577,0.428768515586853
86,94.0,45.0,94,45,0.39486464858055115,0.4640653729438782
87,27.0,19.0,27,19,0.32343387603759766,0.20461900532245636
88,23.0,42.0,23,42,0.22977282106876373,0.15882283449172974
89,26.0,59.0,26,59,0.2434680163860321,0.2770228385925293
90,85.0,57.0,85,57,0.23339231312274933,0.35061824321746826
91,50.0,35.0,50,35,0.1974732130765915,0.48827072978019714
92,44.0,113.0,44,113,0.1812785118818283,0.43522247672080994
93,43.0,16.0,43,16,0.115604467689991,0.44119104743003845
94,96.0,39.0,96,39,0.30474022030830383,0.21088863909244537
95,116.0,86.0,116,86,0.9071189165115356,0.9290081262588501
96,67.0,20.0,67,20,0.1915801614522934,0.24892577528953552
97,35.0,22.0,35,22,0.21048517525196075,0.2919389605522156
98,53.0,21.0,53,21,0.37476789951324463,0.36761167645454407
99,83.0,63.0,83,63,0.2581290900707245,0.30097389221191406
100,35.0,24.0,35,24,0.18903715908527374,0.2044602781534195
101,29.0,57.0,29,57,0.20373934507369995,0.46875491738319397
102,42.0,29.0,42,29,0.1845090538263321,0.4038967788219452
103,126.0,52.0,126,52,0.2687644362449646,0.5980321764945984
104,152.0,81.0,152,81,0.3067065477371216,0.5384966731071472
105,29.0,57.0,29,57,0.9050202965736389,0.5341981649398804
106,89.0,139.0,89,139,0.2554946541786194,0.5265342593193054
107,91.0,131.0,91,131,0.39911115169525146,0.20007969439029694
108,76.0,79.0,76,79,0.21763621270656586,0.12818822264671326
109,47.0,227.0,47,227,0.17425167560577393,0.12317885458469391
110,26.0,110.0,26,110,0.31749415397644043,0.12914982438087463
111,46.0,63.0,46,63,0.3767733573913574,0.5236268639564514
112,110.0,195.0,110,195,1.858677625656128,0.479081392288208
113,85.0,146.0,85,146,0.4020635485649109,0.5304121375083923
114,70.0,113.0,70,113,0.37947791814804077,0.5375075936317444
115,115.0,98.0,115,98,0.43035823106765747,0.2709527313709259
116,24.0,141.0,24,141,0.5309625267982483,0.14885425567626953
117,144.0,108.0,144,108,0.2964973747730255,0.3617700934410095
118,71.0,59.0,71,59,0.2509925663471222,0.11368390172719955
119,55.0,36.0,55,36,0.21345867216587067,0.06810951232910156
120,20.0,33.0,20,33,0.5323193073272705,0.07323431223630905
121,103.0,153.0,103,153,1.4007716178894043,-0.03886621072888374
122,44.0,290.0,44,290,0.45266661047935486,0.06441861391067505
123,60.0,143.0,60,143,0.2038629800081253,0.5027558207511902
124,188.0,161.0,188,161,1.7680621147155762,1.2971713542938232
125,25.0,204.0,25,204,0.6150147914886475,0.3024660646915436
126,141.0,214.0,141,214,0.34765949845314026,0.15667590498924255
127,22.0,153.0,22,153,0.04046721011400223,0.06840918213129044
128,108.0,152.0,108,152,0.1229049563407898,0.16498494148254395
129,95.0,95.0,95,95,1.8399535417556763,-0.0016643740236759186
130,67.0,217.0,67,217,0.13327035307884216,0.0987185463309288
131,137.0,155.0,137,155,0.9090430736541748,0.0710020661354065
132,72.0,148.0,72,148,0.255807101726532,0.08115825802087784
133,123.0,98.0,123,98,0.24541297554969788,0.10316670686006546
134,64.0,98.0,64,98,0.1656835675239563,0.1751214563846588
135,211.0,271.0,211,271,0.04864206910133362,0.2572370171546936
136,75.0,172.0,75,172,0.21418406069278717,0.31319230794906616
137,227.0,338.0,227,338,0.36325353384017944,0.2597442865371704
138,161.0,272.0,161,272,0.32246318459510803,0.0811639055609703
139,173.0,240.0,173,240,0.09376288205385208,0.520673394203186
140,44.0,184.0,44,184,0.08234848827123642,0.2316700518131256
141,64.0,222.0,64,222,0.3392523527145386,-0.06743983179330826
142,59.0,171.0,59,171,0.06252221763134003,0.31176549196243286
143,158.0,190.0,158,190,0.3581709861755371,0.09501644223928452
144,167.0,271.0,167,271,0.43848270177841187,-0.03407418727874756
145,152.0,201.0,152,201,0.41963115334510803,0.3176344335079193
146,76.0,195.0,76,195,0.12393362820148468,0.4825498163700104
147,34.0,71.0,34,71,0.29173436760902405,0.050530701875686646
148,144.0,223.0,144,223,0.2881757318973541,0.16199396550655365
149,119.0,166.0,119,166,0.5373134016990662,0.028442317619919777
150,149.0,138.0,149,138,0.19357182085514069,0.28242531418800354
151,145.0,44.0,145,44,0.15630888938903809,0.5131067633628845
152,87.0,14.0,87,14,0.15111103653907776,0.44241398572921753
153,205.0,18.0,205,18,0.16824038326740265,0.4326828718185425
154,318.0,33.0,318,33,0.08763427287340164,0.5338735580444336
155,56.0,15.0,56,15,0.07231474667787552,0.44335928559303284
156,28.0,41.0,28,41,0.06645596027374268,0.4962198734283447
157,153.0,15.0,153,15,1.7174521684646606,0.49415910243988037
158,96.0,56.0,96,56,0.22115035355091095,0.4708765745162964
159,125.0,26.0,125,26,0.302920937538147,0.3579496443271637
160,179.0,24.0,179,24,0.25371503829956055,0.326082319021225
161,77.0,61.0,77,61,0.3896512985229492,0.10419819504022598
162,192.0,23.0,192,23,0.06407744437456131,0.4103989899158478
163,117.0,30.0,117,30,0.3348219394683838,0.3272177577018738
164,72.0,17.0,72,17,1.3119596242904663,0.4509894549846649
165,280.0,41.0,280,41,0.3189525604248047,0.4609695374965668
166,62.0,140.0,62,140,-0.016882706433534622,0.3519626557826996
167,54.0,13.0,54,13,0.045942943543195724,0.33628132939338684
168,109.0,48.0,109,48,0.35994571447372437,0.2707281708717346
169,252.0,42.0,252,42,0.16520866751670837,0.40213242173194885
170,186.0,31.0,186,31,0.5715023279190063,0.5835668444633484
171,144.0,22.0,144,22,0.5504983067512512,0.4683566689491272
172,220.0,205.0,220,205,0.22180026769638062,0.2968386709690094
173,74.0,42.0,74,42,0.02675654925405979,0.2233506739139557
174,120.0,125.0,120,125,0.45383700728416443,0.4439949095249176
175,119.0,20.0,119,20,0.27707353234291077,0.18005773425102234
176,103.0,133.0,103,133,0.3330250382423401,0.846267819404602
177,88.0,43.0,88,43,0.3980877995491028,0.10518054664134979
178,83.0,21.0,83,21,0.2489578276872635,0.2969670295715332
179,266.0,82.0,266,82,0.26389774680137634,0.4617992043495178
180,276.0,116.0,276,116,0.12248098850250244,0.5240437984466553
181,63.0,122.0,63,122,0.2453840970993042,0.028700556606054306
182,240.0,30.0,240,30,0.14422494173049927,0.4334177076816559
183,170.0,73.0,170,73,0.43234360218048096,0.40372687578201294
184,130.0,74.0,130,74,0.4817120432853699,0.1702689230442047
185,177.0,50.0,177,50,0.678786039352417,0.30174946784973145
186,229.0,95.0,229,95,0.3995945453643799,0.48063087463378906
187,159.0,400.0,159,400,0.5428593158721924,0.9183746576309204
188,217.0,27.0,217,27,1.060752272605896,0.17918463051319122
189,128.0,149.0,128,149,0.2139119952917099,0.8374528884887695
190,258.0,112.0,258,112,0.5303003787994385,0.6677717566490173
191,62.0,86.0,62,86,0.13797618448734283,0.16351239383220673
192,193.0,49.0,193,49,0.0856679305434227,0.019445762038230896
193,36.0,28.0,36,28,-0.06445875018835068,0.14089453220367432
194,189.0,26.0,189,26,0.08398543298244476,0.11950649321079254
195,120.0,129.0,120,129,-0.024880757555365562,0.06133560463786125
196,205.0,127.0,205,127,0.2749876081943512,0.08319451659917831
197,62.0,128.0,62,128,-0.003722026012837887,0.2694731652736664
198,293.0,111.0,293,111,-0.04426687955856323,0.5297627449035645
199,71.0,189.0,71,189,0.05669214203953743,0.3742104768753052
200,269.0,210.0,269,210,0.2847669720649719,0.5517730116844177
201,120.0,164.0,120,164,0.13193191587924957,0.2660317122936249
202,348.0,342.0,348,342,0.12421786040067673,0.2796914577484131
203,190.0,204.0,190,204,0.2771158516407013,0.06642866134643555
204,91.0,167.0,91,167,0.09565675258636475,0.2126542627811432
205,242.0,172.0,242,172,0.043090060353279114,0.1054024025797844
206,166.0,171.0,166,171,0.29093825817108154,0.3292234241962433
207,192.0,118.0,192,118,0.43564489483833313,1.2666081190109253
208,195.0,129.0,195,129,1.0706392526626587,0.16106118261814117
209,466.0,181.0,466,181,0.20337507128715515,0.5375432372093201
210,181.0,255.0,181,255,0.1502862572669983,0.4884956479072571
211,181.0,149.0,181,149,-0.04560107737779617,0.1420040726661682
212,158.0,273.0,158,273,1.506103754043579,0.22544577717781067
213,121.0,255.0,121,255,0.04474793002009392,0.530029296875
214,219.0,139.0,219,139,0.18702319264411926,-0.010865706950426102
215,148.0,211.0,148,211,0.11492667347192764,0.39008229970932007
216,157.0,144.0,157,144,1.6757266521453857,0.09937699884176254
217,143.0,294.0,143,294,1.2630687952041626,-0.11197730153799057
218,310.0,222.0,310,222,0.026165569201111794,0.4410821795463562
219,291.0,141.0,291,141,0.033681195229291916,0.2198549062013626
220,287.0,435.0,287,435,0.04386337101459503,0.17676803469657898
221,244.0,300.0,244,300,0.41451990604400635,0.279011070728302
222,324.0,266.0,324,266,0.28202828764915466,0.3128424286842346
223,357.0,363.0,357,363,0.12994593381881714,0.034469641745090485
224,164.0,255.0,164,255,0.5078119039535522,0.35757535696029663
225,160.0,258.0,160,258,0.690052330493927,0.015540622174739838
226,157.0,14.0,157,14,0.1917990744113922,0.49524810910224915
227,171.0,35.0,171,35,0.0772022232413292,0.4641515016555786
228,153.0,24.0,153,24,0.1019197627902031,0.43906477093696594
229,194.0,13.0,194,13,0.4500151574611664,0.4025760293006897
230,40.0,16.0,40,16,-0.012268071994185448,0.4947848916053772
231,124.0,14.0,124,14,-0.07669351994991302,0.40579351782798767
232,108.0,39.0,108,39,0.20900008082389832,0.5365875363349915
233,210.0,9.0,210,9,1.4376078844070435,0.5828647613525391
234,136.0,21.0,136,21,0.2289627641439438,0.4064086675643921
235,86.0,11.0,86,11,-0.012376520782709122,0.6963728666305542
236,123.0,17.0,123,17,-0.04113707318902016,0.5132287740707397
237,342.0,63.0,342,63,0.2093261033296585,0.23156096041202545
238,35.0,9.0,35,9,-0.02332673966884613,0.393353134393692
239,297.0,35.0,297,35,-0.10658088326454163,0.18181492388248444
240,205.0,27.0,205,27,-0.011320062913000584,0.11924155056476593
241,57.0,27.0,57,27,0.1657734513282776,0.300246000289917
242,432.0,45.0,432,45,0.13581670820713043,0.20680741965770721
243,241.0,74.0,241,74,-0.04299838840961456,0.43871673941612244
244,200.0,44.0,200,44,1.4644529819488525,0.34066513180732727
245,254.0,30.0,254,30,0.10890538990497589,0.44573909044265747
246,169.0,26.0,169,26,0.5242469906806946,0.2867569327354431
247,261.0,80.0,261,80,-0.04366051405668259,0.2905418574810028
248,313.0,29.0,313,29,0.17616592347621918,0.16289915144443512
249,150.0,39.0,150,39,0.3676779866218567,0.38701122999191284
250,128.0,111.0,128,111,0.1603771448135376,0.11486104130744934
251,379.0,56.0,379,56,0.2978769540786743,0.5683402419090271
252,92.0,61.0,92,61,0.06209699437022209,0.29366734623908997
253,383.0,28.0,383,28,0.9267606735229492,0.3515741527080536
254,163.0,115.0,163,115,0.4840641915798187,0.9008769392967224
255,240.0,62.0,240,62,0.08837991207838058,0.34320512413978577
256,354.0,169.0,354,169,0.012948358431458473,0.4102921485900879
257,413.0,181.0,413,181,0.20306247472763062,0.7496446967124939
258,197.0,76.0,197,76,0.42179951071739197,0.08861564099788666
259,203.0,32.0,203,32,0.3780246675014496,0.33498844504356384
260,416.0,140.0,416,140,0.10476776212453842,0.18458905816078186
261,141.0,44.0,141,44,0.35815802216529846,0.2220117449760437
262,343.0,274.0,343,274,0.4112411439418793,0.47015413641929626
263,180.0,219.0,180,219,0.04379067197442055,0.4145679175853729
264,146.0,273.0,146,273,0.23673859238624573,0.7939077615737915
265,140.0,95.0,140,95,0.5233873128890991,0.3266582787036896
266,357.0,83.0,357,83,0.7368183732032776,0.17922647297382355
267,413.0,44.0,413,44,0.19184057414531708,0.08165844529867172
268,366.0,47.0,366,47,0.44253766536712646,0.1542384773492813
269,130.0,44.0,130,44,0.9149410724639893,0.07434731721878052
270,125.0,111.0,125,111,0.4842427968978882,0.14572398364543915
271,326.0,84.0,326,84,0.3257564306259155,0.37406250834465027
272,221.0,159.0,221,159,1.2925688028335571,0.30257147550582886
273,92.0,157.0,92,157,0.1481955647468567,0.3196851909160614
274,279.0,158.0,279,158,0.8454173803329468,0.4568324387073517
275,301.0,148.0,301,148,0.5369773507118225,0.8657203912734985
276,157.0,162.0,157,162,0.10707008093595505,0.5296305418014526
277,216.0,150.0,216,150,0.7699952721595764,0.6112420558929443
278,171.0,183.0,171,183,0.033064424991607666,0.15522341430187225
279,302.0,500.0,302,500,0.31307533383369446,0.15518364310264587
280,226.0,151.0,226,151,0.08521395921707153,0.12701913714408875
281,187.0,69.0,187,69,0.29858511686325073,0.05816681683063507
282,111.0,128.0,111,128,0.19052135944366455,0.971325159072876
283,500.0,271.0,500,271,0.14971591532230377,0.34032952785491943
284,197.0,205.0,197,205,-0.028800012543797493,0.8540449142456055
285,285.0,209.0,285,209,0.1391705721616745,0.3594359755516052
286,199.0,233.0,199,233,-0.09138638526201248,0.7101143002510071
287,43.0,127.0,43,127,-0.015612749382853508,0.14915302395820618
288,412.0,186.0,412,186,0.006386951543390751,0.4780254364013672
289,247.0,134.0,247,134,0.1869659423828125,0.0042724902741611
290,122.0,218.0,122,218,0.05926857516169548,-0.017759814858436584
291,113.0,241.0,113,241,0.12546271085739136,-0.05868035927414894
292,236.0,128.0,236,128,-0.008746414445340633,0.1736820787191391
293,251.0,267.0,251,267,0.08938469737768173,0.10387300699949265
294,219.0,58.0,219,58,-0.05734756216406822,-0.12278691679239273
295,175.0,500.0,175,500,0.28415530920028687,0.06196209043264389
296,461.0,275.0,461,275,-0.12689095735549927,0.2537350356578827
297,447.0,176.0,447,176,0.07270340621471405,0.17592602968215942
298,297.0,215.0,297,215,0.31784942746162415,-0.05773554742336273
299,377.0,240.0,377,240,0.11625905334949493,0.09043360501527786
300,422.0,193.0,422,193,-0.09427635371685028,0.43172916769981384
